"name|""surname""|""bday""|""univ"""
"tate|""chapman""|""1995-06-07"""
"kyndall|""garrison""|""1993-10-10"""
"april|""warren""|""1995-09-03"""
"skylar|""oconnor""|""1996-09-26"""
"alaya|""ryan""|""1996-04-07"""
"lawrence|""cohen""|""1992-05-20"""
"marlon|""cantu""|""1994-07-17"""
"penelope|""nguyen""|""1998-04-26"""
"clara|""barrera""|""1996-05-14"""
"will|""dickson""|""1997-07-15"""
"sarai|""atkinson""|""1994-08-08"""
"mia|""roach""|""1998-12-25"""
"skyla|""johnson""|""1998-04-30"""
"elyse|""noel""|""1995-06-05"""
"madison|""burns""|""1997-04-20"""
"lilliana|""warner""|""1996-03-13"""
"branson|""joyner""|""1994-06-16"""
"stella|""rivas""|""1996-05-12"""
"marc|""clayton""|""1998-01-05"""
"dax|""barnes""|""1994-08-19"""
"vanessa|""lloyd""|""1998-09-22"""
"erica|""cummings""|""1995-02-09"""
"clark|""garcia""|""1998-07-08"""
"bruce|""franco""|""1992-07-02"""
"chana|""collier""|""1993-03-28"""
"mitchell|""underwood""|""1994-06-14"""
"annabelle|""sweet""|""1995-09-18"""
"morgan|""sims""|""1993-11-12"""
"dylan|""hurley""|""1996-06-18"""
"michelle|""pearson""|""1994-02-03"""
"lillianna|""cervantes""|""1995-04-11"""
"kenzie|""conrad""|""1995-04-20"""
"vincent|""walter""|""1996-11-19"""
"enrique|""dalton""|""1996-03-11"""
"scarlet|""mcclain""|""1994-06-13"""
"alyson|""church""|""1996-04-20"""
"abel|""dixon""|""1996-11-09"""
"callan|""melton""|""1993-11-26"""
"chase|""wade""|""1994-04-13"""
"amya|""wilkins""|""1992-07-12"""
"luciano|""moreno""|""1994-10-01"""
"shaniya|""pittman""|""1994-06-22"""
"danika|""snyder""|""1996-09-14"""
"grayson|""ward""|""1998-01-11"""
"rex|""odom""|""1998-07-27"""
"makayla|""wright""|""1998-12-03"""
"kamron|""dominguez""|""1998-01-15"""
"dominik|""kaufman""|""1996-02-09"""
"kylan|""booker""|""1995-05-12"""
"demarcus|""mcneil""|""1997-07-04"""
"jagger|""collier""|""1996-12-11"""
"amelia|""stephens""|""1996-07-17"""
"halle|""pickett""|""1998-12-12"""
"jade|""workman""|""1992-12-27"""
"brycen|""figueroa""|""1993-09-12"""
"stacy|""poole""|""1998-06-15"""
"april|""gibson""|""1996-02-22"""
"kyra|""cain""|""1994-06-08"""
"fabian|""shields""|""1994-01-28"""
"armando|""pickett""|""1997-09-17"""
"zion|""craft""|""1992-10-14"""
"ayaan|""mullins""|""1996-03-31"""
"marisol|""graham""|""1995-02-26"""
"titus|""chavez""|""1993-08-04"""
"giancarlo|""sutton""|""1997-08-13"""
"sebastian|""sandoval""|""1996-02-25"""
"mustafa|""adams""|""1994-01-03"""
"logan|""simon""|""1997-07-30"""
"raquel|""koch""|""1997-12-28"""
"hugo|""gomez""|""1995-06-17"""
"colin|""farrell""|""1992-04-19"""
"yahir|""conley""|""1995-05-04"""
"cali|""stout""|""1998-01-10"""
"enzo|""pierce""|""1994-10-29"""
"malia|""goff""|""1992-07-19"""
"myles|""palmer""|""1997-05-16"""
"briella|""montoya""|""1996-01-07"""
"alessandro|""macias""|""1993-03-05"""
"malcolm|""crosby""|""1994-05-24"""
"makayla|""andrews""|""1997-08-13"""
"kody|""nash""|""1995-12-17"""
"aidan|""anthony""|""1993-05-09"""
"brenden|""jenkins""|""1992-10-08"""
"leo|""guy""|""1992-04-10"""
"simon|""wilder""|""1997-04-06"""
"haven|""blake""|""1992-05-19"""
"jasmin|""dotson""|""1998-04-21"""
"otto|""farley""|""1994-03-09"""
"nathanael|""frederick""|""1994-08-05"""
"emersyn|""roman""|""1998-03-25"""
"sarahi|""compton""|""1995-08-07"""
"steve|""burt""|""1994-10-31"""
"coleman|""stark""|""1997-08-22"""
"mason|""blevins""|""1997-07-10"""
"ayanna|""mcknight""|""1994-12-06"""
"cole|""kent""|""1993-05-12"""
"jordyn|""madden""|""1993-05-29"""
"adelaide|""nelson""|""1996-07-26"""
"kinsey|""england""|""1997-08-17"""
"ashlynn|""dillon""|""1992-12-16"""
"marissa|""bright""|""1993-09-05"""
"paisley|""carpenter""|""1994-06-30"""
"aliyah|""carrillo""|""1993-06-01"""
"ishaan|""hodges""|""1995-05-25"""
"brody|""carroll""|""1995-07-20"""
"holly|""mccray""|""1995-09-07"""
"delilah|""lynch""|""1994-03-30"""
"rayna|""roman""|""1995-01-23"""
"payten|""wilkins""|""1994-09-04"""
"amari|""owen""|""1994-12-12"""
"dennis|""warren""|""1996-10-14"""
"paityn|""wilcox""|""1996-12-16"""
"jaydin|""whitehead""|""1992-07-14"""
"rowen|""hurley""|""1992-07-01"""
"emely|""mcgowan""|""1995-01-04"""
"alexis|""shaffer""|""1997-11-12"""
"jaylyn|""delacruz""|""1996-07-29"""
"kaelynn|""garza""|""1996-05-10"""
"leanna|""fernandez""|""1992-01-27"""
"elena|""vaughn""|""1996-06-06"""
"gia|""benjamin""|""1995-01-01"""
"natalie|""parsons""|""1992-01-08"""
"vivienne|""jennings""|""1994-07-12"""
"kayden|""smith""|""1998-12-15"""
"lylah|""wilder""|""1995-03-19"""
"jaxson|""sloan""|""1993-02-20"""
"roy|""grimes""|""1993-08-12"""
"bradyn|""jacobs""|""1993-11-05"""
"abdiel|""holden""|""1997-03-21"""
"cecelia|""mcknight""|""1996-04-24"""
"lucy|""foster""|""1995-07-19"""
"bradley|""golden""|""1998-01-29"""
"jordynn|""wilcox""|""1998-12-03"""
"jaylynn|""sawyer""|""1995-11-17"""
"franco|""baker""|""1992-03-30"""
"zaiden|""frye""|""1996-08-09"""
"kason|""vaughan""|""1994-11-01"""
"kaya|""jacobs""|""1996-06-21"""
"kolby|""mckenzie""|""1993-04-22"""
"aydan|""phelps""|""1995-01-07"""
"salvador|""valdez""|""1992-05-31"""
"alisson|""livingston""|""1998-07-14"""
"evelynn|""gay""|""1994-06-24"""
"haven|""fulton""|""1993-09-18"""
"noah|""wade""|""1994-01-15"""
"bridger|""alvarado""|""1998-09-02"""
"gloria|""maldonado""|""1996-12-07"""
"layton|""sherman""|""1994-02-08"""
"malia|""harper""|""1994-09-16"""
"desmond|""williams""|""1992-08-03"""
"jamison|""martin""|""1994-11-17"""
"anya|""stuart""|""1993-08-08"""
"alden|""franco""|""1993-02-17"""
"draven|""workman""|""1993-03-08"""
"armani|""deleon""|""1993-10-15"""
"sean|""cannon""|""1993-04-12"""
"paige|""owen""|""1992-09-05"""
"madelyn|""jacobs""|""1994-12-15"""
"kasen|""hyde""|""1992-04-04"""
"tristian|""ballard""|""1998-12-21"""
"casey|""daugherty""|""1998-01-03"""
"stacy|""stevens""|""1998-09-14"""
"ishaan|""robertson""|""1992-08-04"""
"abbey|""todd""|""1995-11-28"""
"mollie|""craig""|""1998-03-02"""
"robert|""ball""|""1996-01-17"""
"rey|""barker""|""1995-09-01"""
"brynlee|""jarvis""|""1995-06-17"""
"fiona|""duncan""|""1996-11-21"""
"edgar|""gibson""|""1995-11-23"""
"scarlet|""patterson""|""1998-12-22"""
"lina|""mays""|""1997-04-13"""
"annie|""cantu""|""1997-06-11"""
"lylah|""carney""|""1994-07-17"""
"paisley|""owens""|""1998-09-30"""
"maxx|""craft""|""1998-03-01"""
"camden|""short""|""1995-10-19"""
"joe|""morgan""|""1993-04-08"""
"lorenzo|""kirk""|""1993-06-04"""
"tyler|""lara""|""1998-06-19"""
"damon|""leon""|""1992-07-23"""
"coen|""oneill""|""1998-12-04"""
"joyce|""cortez""|""1995-01-30"""
"darwin|""davenport""|""1992-06-30"""
"ayleen|""elliott""|""1996-04-06"""
"yosef|""atkins""|""1996-07-01"""
"cooper|""church""|""1997-12-04"""
"andres|""yang""|""1994-12-08"""
"kendra|""dalton""|""1993-10-22"""
"clara|""suarez""|""1997-03-18"""
"harley|""conley""|""1992-07-30"""
"samir|""hansen""|""1993-07-24"""
"leo|""kerr""|""1993-09-08"""
"john|""faulkner""|""1997-02-26"""
"matilda|""baird""|""1993-11-08"""
"cristian|""mcmahon""|""1993-04-08"""
"deborah|""williamson""|""1998-02-08"""
"jayde|""church""|""1995-08-28"""
"zayden|""leach""|""1996-10-28"""
"lainey|""maddox""|""1994-03-22"""
"lucille|""harrington""|""1998-05-26"""
"bristol|""cox""|""1998-01-03"""
"case|""booth""|""1995-10-05"""
"alvin|""dean""|""1993-06-18"""
"keenan|""salazar""|""1992-02-21"""
"kamari|""ferrell""|""1992-10-14"""
"rory|""coleman""|""1994-03-05"""
"kimber|""hampton""|""1996-10-15"""
"zander|""becker""|""1994-07-21"""
"tatum|""avila""|""1993-07-15"""
"messiah|""reeves""|""1996-04-11"""
"gilbert|""reynolds""|""1995-02-23"""
"pierre|""crane""|""1995-08-05"""
"audrianna|""knight""|""1995-10-19"""
"eliseo|""jordan""|""1995-08-09"""
"penelope|""pate""|""1992-06-28"""
"kendal|""rogers""|""1998-10-27"""
"jackson|""gilliam""|""1995-01-24"""
"jasmin|""blackburn""|""1993-10-12"""
"aleena|""rodriguez""|""1994-12-24"""
"jermaine|""schultz""|""1995-05-21"""
"julie|""weber""|""1995-10-14"""
"kylah|""oneal""|""1996-01-17"""
"zion|""puckett""|""1995-02-08"""
"kamden|""lynn""|""1995-09-14"""
"jaden|""blevins""|""1994-11-09"""
"jay|""hodge""|""1997-07-03"""
"kendal|""mcfadden""|""1992-11-27"""
"mallory|""branch""|""1994-12-08"""
"saniyah|""dickerson""|""1993-02-14"""
"brendan|""hays""|""1998-06-11"""
"cooper|""meyers""|""1992-06-26"""
"renee|""perez""|""1993-05-26"""
"dallas|""barnes""|""1993-04-20"""
"annabella|""livingston""|""1993-05-01"""
"jeffery|""delgado""|""1998-10-11"""
"katie|""buckley""|""1997-08-06"""
"blake|""harvey""|""1994-04-20"""
"zaniyah|""dodson""|""1995-04-16"""
"madeline|""jennings""|""1992-03-10"""
"bridger|""holden""|""1996-02-11"""
"leigha|""foreman""|""1996-10-12"""
"dawson|""collins""|""1997-04-21"""
"kyla|""graham""|""1998-10-29"""
"kendal|""mason""|""1994-05-25"""
"bradley|""avila""|""1995-01-22"""
"maximus|""ashley""|""1993-03-23"""
"brooklynn|""cantu""|""1996-11-09"""
"luke|""watson""|""1992-01-27"""
"millie|""mathews""|""1992-06-10"""
"zachery|""carpenter""|""1994-02-02"""
"dario|""long""|""1995-07-31"""
"liliana|""carson""|""1998-12-03"""
"rowan|""decker""|""1995-09-11"""
"regan|""stein""|""1995-02-18"""
"diya|""hewitt""|""1992-10-01"""
"anderson|""bruce""|""1998-02-05"""
"camren|""bradley""|""1992-12-19"""
"kaitlynn|""greene""|""1997-09-25"""
"davon|""powell""|""1994-07-31"""
"connor|""head""|""1992-12-06"""
"cooper|""ayers""|""1992-10-03"""
"evelynn|""roman""|""1995-10-04"""
"maya|""parrish""|""1998-07-15"""
"carley|""peters""|""1994-01-19"""
"kenley|""mercado""|""1998-12-29"""
"makayla|""reyes""|""1994-11-29"""
"kyson|""hawkins""|""1992-04-30"""
"tyrone|""harding""|""1995-08-06"""
"santiago|""morrison""|""1993-10-02"""
"brendon|""ortega""|""1998-05-28"""
"aubri|""byers""|""1996-11-10"""
"marissa|""larson""|""1998-01-31"""
"raven|""burgess""|""1998-03-30"""
"micah|""pollard""|""1998-01-03"""
"caylee|""heath""|""1994-08-20"""
"emelia|""sawyer""|""1992-05-10"""
"charles|""alvarez""|""1996-09-06"""
"brendon|""alvarado""|""1998-10-02"""
"leanna|""duffy""|""1997-03-28"""
"sabrina|""green""|""1996-10-25"""
"violet|""glass""|""1994-07-02"""
"kamden|""oliver""|""1998-01-24"""
"siena|""frost""|""1994-05-26"""
"skylar|""preston""|""1997-12-02"""
"raymond|""morin""|""1995-11-02"""
"samson|""carlson""|""1995-06-07"""
"bryce|""bowers""|""1994-01-04"""
"kimberly|""chambers""|""1997-03-18"""
"phoenix|""allen""|""1995-08-22"""
"brynlee|""nielsen""|""1994-08-09"""
"noemi|""wilkins""|""1998-09-03"""
"emily|""whitaker""|""1998-04-17"""
"brooke|""drake""|""1994-05-13"""
"thaddeus|""patrick""|""1997-06-30"""
"cannon|""brock""|""1992-04-27"""
"ciara|""alexander""|""1994-11-11"""
"drew|""reeves""|""1996-04-20"""
"aleah|""brewer""|""1992-06-10"""
"sariyah|""coffey""|""1996-12-30"""
"camden|""harris""|""1996-12-03"""
"lilianna|""madden""|""1993-11-09"""
"terry|""marks""|""1997-01-21"""
"lance|""contreras""|""1993-03-24"""
"cecelia|""sanford""|""1997-05-02"""
"maleah|""yang""|""1996-03-26"""
"drake|""jacobson""|""1998-02-11"""
"sarah|""fisher""|""1992-01-17"""
"braylee|""stout""|""1993-04-17"""
"juliana|""kelly""|""1998-06-18"""
"blaze|""workman""|""1998-10-16"""
"lewis|""todd""|""1998-08-16"""
"hank|""campbell""|""1996-07-17"""
"pablo|""payne""|""1997-11-02"""
"edith|""miranda""|""1995-03-17"""
"randall|""yang""|""1996-02-07"""
"lilia|""rosa""|""1997-07-19"""
"jessie|""robertson""|""1993-04-29"""
"scarlet|""griffith""|""1992-05-17"""
"kayden|""fox""|""1992-02-27"""
"sincere|""payne""|""1993-02-14"""
"luka|""farrell""|""1997-12-27"""
"darius|""neal""|""1992-04-04"""
"miller|""torres""|""1997-05-21"""
"jazlynn|""daniel""|""1997-02-11"""
"jerimiah|""donaldson""|""1994-05-29"""
"justus|""cote""|""1995-11-21"""
"quinton|""carlson""|""1992-11-21"""
"jorden|""compton""|""1994-06-25"""
"kieran|""cooke""|""1993-03-06"""
"jeremy|""williamson""|""1997-12-08"""
"jaden|""clark""|""1998-12-17"""
"america|""gonzales""|""1998-05-05"""
"tanner|""nelson""|""1995-02-20"""
"melissa|""mccoy""|""1995-03-20"""
"emanuel|""jones""|""1995-01-26"""
"aria|""villarreal""|""1998-11-27"""
"cedric|""velazquez""|""1996-10-31"""
"derrick|""sweet""|""1998-03-25"""
"joshua|""boone""|""1992-10-03"""
"chanel|""saunders""|""1994-07-08"""
"reagan|""griffith""|""1994-09-28"""
"jovanni|""hendricks""|""1997-01-17"""
"sebastian|""kramer""|""1994-09-19"""
"miguel|""henson""|""1998-04-02"""
"finley|""england""|""1996-07-31"""
"alison|""bernard""|""1993-06-12"""
"cali|""maynard""|""1997-07-12"""
"tia|""brooks""|""1992-08-05"""
"muhammad|""becker""|""1994-11-14"""
"miriam|""gentry""|""1992-07-24"""
"lincoln|""richmond""|""1994-02-26"""
"reid|""sweeney""|""1994-11-20"""
"gia|""abbott""|""1997-04-28"""
"denise|""roberts""|""1996-02-06"""
"lacey|""fleming""|""1992-05-04"""
"imani|""logan""|""1995-09-11"""
"kellan|""holloway""|""1994-11-23"""
"rosalie|""duke""|""1993-11-06"""
"crystal|""tillman""|""1992-05-20"""
"lamar|""middleton""|""1992-07-30"""
"kyson|""hale""|""1997-08-05"""
"karson|""sweet""|""1997-10-08"""
"hayden|""walters""|""1998-03-28"""
"charli|""buckner""|""1995-11-10"""
"aubri|""tran""|""1994-09-22"""
"gavyn|""mcgee""|""1992-08-11"""
"temperance|""prince""|""1998-08-07"""
"cameron|""riddle""|""1993-09-23"""
"alexander|""hurst""|""1998-09-10"""
"briley|""miller""|""1996-06-13"""
"cecilia|""duncan""|""1996-12-05"""
"malaya|""osborn""|""1995-01-26"""
"bronson|""long""|""1992-06-25"""
"draven|""dodson""|""1992-08-24"""
"jenny|""hood""|""1992-03-28"""
"royce|""cardenas""|""1997-02-04"""
"gage|""sloan""|""1994-08-22"""
"zion|""zamora""|""1997-10-15"""
"jacob|""moreno""|""1996-10-01"""
"jaydin|""stout""|""1996-03-09"""
"willow|""grant""|""1992-09-06"""
"cohen|""marshall""|""1994-07-03"""
"larry|""floyd""|""1994-09-30"""
"tatum|""chandler""|""1995-07-11"""
"layton|""park""|""1992-02-15"""
"brendan|""hendricks""|""1997-10-05"""
"maximiliano|""cochran""|""1995-06-26"""
"cesar|""lowery""|""1998-03-21"""
"bryleigh|""bryant""|""1997-01-01"""
"leia|""medina""|""1996-05-15"""
"urijah|""hurley""|""1993-02-27"""
"darien|""ramos""|""1993-06-17"""
"matthias|""thomas""|""1996-07-28"""
"kadence|""murray""|""1996-03-27"""
"miguel|""stevenson""|""1998-08-28"""
"ray|""little""|""1995-11-14"""
"mae|""acevedo""|""1998-09-18"""
"theodore|""wells""|""1994-10-09"""
"abraham|""munoz""|""1995-07-07"""
"gaige|""gibson""|""1993-11-25"""
"selah|""nixon""|""1993-12-29"""
"kade|""roth""|""1995-12-09"""
"heath|""barton""|""1992-01-07"""
"julien|""berry""|""1997-02-22"""
"weston|""strong""|""1996-07-28"""
"tristin|""livingston""|""1998-08-22"""
"milagros|""nixon""|""1995-08-06"""
"brycen|""kane""|""1992-07-16"""
"lukas|""colon""|""1994-10-14"""
"janae|""chaney""|""1996-03-23"""
"kamari|""weber""|""1996-01-08"""
"enoch|""bauer""|""1997-04-30"""
"jayde|""yang""|""1997-02-25"""
"xzavier|""tanner""|""1992-07-26"""
"diana|""clemons""|""1996-09-03"""
"todd|""dixon""|""1993-04-22"""
"malia|""hurst""|""1994-05-04"""
"brendon|""mcmillan""|""1993-10-16"""
"camila|""sargent""|""1995-10-19"""
"brooke|""church""|""1996-04-22"""
"brian|""finley""|""1998-09-16"""
"aliza|""whitley""|""1998-10-15"""
"manuel|""black""|""1995-09-02"""
"dakota|""carr""|""1997-11-20"""
"lea|""allison""|""1993-03-03"""
"hadassah|""jimenez""|""1993-09-12"""
"laylah|""hodges""|""1997-06-13"""
"sam|""freeman""|""1998-03-16"""
"alyssa|""pace""|""1997-05-29"""
"ronan|""willis""|""1995-04-17"""
"haiden|""haney""|""1995-07-15"""
"jared|""barron""|""1993-02-21"""
"alvaro|""downs""|""1994-01-15"""
"amani|""harmon""|""1996-06-05"""
"carson|""nielsen""|""1998-01-18"""
"xander|""lindsey""|""1995-06-15"""
"adele|""noel""|""1998-04-01"""
"maxx|""foley""|""1997-01-08"""
"haven|""william""|""1996-12-06"""
"alexandra|""donovan""|""1997-12-16"""
"heidi|""george""|""1997-08-30"""
"aimee|""norris""|""1997-04-29"""
"kellen|""medina""|""1998-10-04"""
"ashtyn|""merritt""|""1998-09-29"""
"chanel|""raymond""|""1992-04-08"""
"kaia|""skinner""|""1992-02-22"""
"isabella|""foster""|""1997-08-24"""
"sherlyn|""oneil""|""1995-08-09"""
"armani|""byrd""|""1996-07-07"""
"lily|""padilla""|""1996-12-14"""
"preston|""hernandez""|""1994-05-31"""
"savanna|""holt""|""1994-09-11"""
"jacob|""fitzgerald""|""1995-06-19"""
"moses|""graham""|""1993-11-20"""
"aurora|""ford""|""1997-08-24"""
"beckett|""mcmillan""|""1998-05-18"""
"quinton|""reid""|""1995-11-23"""
"ivan|""ruiz""|""1997-08-02"""
"madelynn|""harding""|""1997-06-11"""
"johan|""wong""|""1993-07-21"""
"mike|""donovan""|""1997-03-07"""
"amiyah|""marshall""|""1996-10-07"""
"henry|""ward""|""1992-05-21"""
"abram|""grant""|""1995-04-27"""
"ellis|""blackwell""|""1995-12-10"""
"fabian|""garza""|""1995-12-09"""
"gemma|""mckinney""|""1993-02-26"""
"carley|""tillman""|""1995-12-26"""
"aubree|""warren""|""1992-08-25"""
"isaac|""aguilar""|""1992-12-08"""
"alfredo|""coffey""|""1996-07-10"""
"keith|""roy""|""1992-11-21"""
"cade|""pate""|""1993-06-12"""
"boston|""cardenas""|""1995-10-20"""
"aryan|""boyer""|""1993-12-31"""
"coen|""diaz""|""1996-09-01"""
"tara|""berry""|""1994-10-01"""
"nash|""ballard""|""1995-12-26"""
"samuel|""black""|""1993-05-14"""
"dangelo|""rose""|""1995-10-03"""
"cayson|""hooper""|""1995-01-26"""
"lennox|""clayton""|""1992-12-29"""
"bailee|""huber""|""1993-09-25"""
"sasha|""mercer""|""1993-01-04"""
"mariam|""hutchinson""|""1997-12-19"""
"ben|""tillman""|""1997-09-05"""
"edwin|""jefferson""|""1993-10-14"""
"edwin|""scott""|""1993-08-27"""
"jordan|""washington""|""1997-07-07"""
"rodney|""conner""|""1994-12-18"""
"jacob|""guerrero""|""1992-12-28"""
"jax|""mccall""|""1998-12-14"""
"landon|""berg""|""1994-02-23"""
"eve|""mejia""|""1995-06-27"""
"dorothy|""russo""|""1993-06-28"""
"frank|""bush""|""1993-11-22"""
"gage|""pope""|""1995-06-04"""
"alexzander|""ross""|""1996-08-08"""
"kamden|""mason""|""1992-02-28"""
"princeton|""gates""|""1996-03-01"""
"alfonso|""guthrie""|""1993-10-24"""
"jax|""nash""|""1994-08-13"""
"jason|""tucker""|""1993-02-03"""
"gauge|""wolfe""|""1997-09-19"""
"hendrix|""mcdaniel""|""1992-07-02"""
"bobby|""greer""|""1994-10-22"""
"grace|""mckay""|""1993-01-21"""
"tia|""mosley""|""1992-10-13"""
"deangelo|""dawson""|""1992-07-27"""
"stephanie|""english""|""1997-04-18"""
"demi|""mcgowan""|""1993-08-15"""
"elyse|""figueroa""|""1993-10-09"""
"jagger|""bowers""|""1993-08-11"""
"luciano|""lowery""|""1993-01-06"""
"laura|""copeland""|""1992-06-14"""
"addilyn|""davis""|""1997-06-23"""
"annabelle|""bennett""|""1994-09-02"""
"abigail|""bullock""|""1996-12-22"""
"bridger|""chandler""|""1998-04-09"""
"iris|""waller""|""1992-11-19"""
"haiden|""jenkins""|""1992-07-31"""
"hanna|""page""|""1992-02-22"""
"kasen|""sellers""|""1995-05-31"""
"triston|""berry""|""1997-08-16"""
"helena|""livingston""|""1995-05-02"""
"alaya|""mcmahon""|""1997-08-21"""
"sasha|""herrera""|""1996-06-26"""
"cherish|""abbott""|""1993-04-01"""
"zachary|""wilkinson""|""1993-02-18"""
"rebecca|""sosa""|""1995-04-22"""
"aryana|""thornton""|""1998-10-19"""
"beatrice|""leon""|""1998-02-26"""
"channing|""alvarez""|""1997-07-24"""
"raina|""gray""|""1992-08-11"""
"isabel|""clemons""|""1993-07-11"""
"ansley|""mckay""|""1995-01-22"""
"natalie|""hewitt""|""1998-06-28"""
"drew|""shields""|""1997-11-02"""
"pamela|""allison""|""1998-05-23"""
"steven|""farley""|""1998-11-14"""
"maxx|""buck""|""1993-02-18"""
"gabrielle|""cobb""|""1993-09-25"""
"jeffrey|""dodson""|""1998-11-25"""
"bianca|""owens""|""1992-05-09"""
"quinton|""webster""|""1995-05-14"""
"emiliano|""holder""|""1998-04-12"""
"ean|""barnett""|""1994-06-14"""
"william|""wall""|""1996-10-25"""
"jade|""fletcher""|""1997-04-29"""
"izabella|""terrell""|""1993-04-09"""
"fiona|""reilly""|""1993-06-20"""
"brinley|""buckley""|""1994-08-15"""
"ethen|""russo""|""1995-06-03"""
"aurora|""douglas""|""1996-03-12"""
"quinten|""ware""|""1992-05-25"""
"june|""mckenzie""|""1996-04-01"""
"alexander|""chavez""|""1997-02-07"""
"gunnar|""fuller""|""1996-01-18"""
"jordyn|""dennis""|""1993-03-14"""
"itzel|""ewing""|""1994-05-31"""
"colten|""shaffer""|""1993-10-28"""
"cohen|""avila""|""1997-02-01"""
"celeste|""benton""|""1994-02-07"""
"rachel|""mcmahon""|""1996-10-05"""
"javion|""miles""|""1994-06-28"""
"alfred|""holcomb""|""1993-08-24"""
"brogan|""green""|""1996-07-26"""
"kylan|""meyers""|""1994-06-27"""
"mya|""wagner""|""1995-04-17"""
"jabari|""nunez""|""1996-05-31"""
"nova|""bender""|""1994-07-27"""
"reuben|""johnson""|""1993-03-19"""
"felipe|""hewitt""|""1994-10-10"""
"graham|""riley""|""1993-08-26"""
"pamela|""rodriquez""|""1995-04-05"""
"dorian|""wade""|""1997-06-29"""
"george|""adkins""|""1994-06-13"""
"sonny|""poole""|""1993-05-29"""
"zavier|""berg""|""1997-08-23"""
"dayana|""glass""|""1993-01-08"""
"asa|""cabrera""|""1996-04-04"""
"joey|""anderson""|""1994-08-15"""
"tessa|""le""|""1997-04-22"""
"mae|""bender""|""1994-05-20"""
"israel|""holman""|""1993-06-30"""
"lathan|""murray""|""1998-10-05"""
"edward|""marshall""|""1997-07-04"""
"emely|""herrera""|""1992-12-16"""
"mckenzie|""maxwell""|""1998-06-16"""
"dana|""wong""|""1997-12-15"""
"sariyah|""hahn""|""1994-03-20"""
"janessa|""weber""|""1996-03-07"""
"nahla|""perry""|""1994-01-26"""
"westin|""burton""|""1992-03-07"""
"lexi|""carr""|""1992-02-19"""
"francisco|""melton""|""1992-05-27"""
"galilea|""spears""|""1998-08-03"""
"javion|""thompson""|""1996-05-22"""
"lesly|""moore""|""1998-03-13"""
"jonathan|""williams""|""1995-03-13"""
"andre|""foley""|""1992-05-29"""
"amelia|""cash""|""1996-02-05"""
"jayla|""roberts""|""1997-02-09"""
"steve|""leach""|""1992-11-24"""
"aliza|""levine""|""1992-01-03"""
"myles|""holden""|""1996-01-09"""
"jayden|""odom""|""1994-09-23"""
"celia|""valencia""|""1995-11-08"""
"valerie|""odom""|""1993-05-02"""
"ryder|""pugh""|""1995-07-03"""
"bryleigh|""joseph""|""1997-02-16"""
"ruth|""lyons""|""1994-10-14"""
"jeremiah|""harvey""|""1996-07-12"""
"dominik|""rosa""|""1993-07-14"""
"brodie|""walton""|""1995-01-06"""
"aidan|""stokes""|""1997-09-27"""
"royce|""mosley""|""1994-08-14"""
"dawson|""dickson""|""1996-05-08"""
"gabriel|""oneal""|""1998-12-21"""
"samantha|""sellers""|""1997-05-08"""
"belen|""franklin""|""1994-12-01"""
"adan|""stewart""|""1998-01-28"""
"elliot|""olsen""|""1995-02-16"""
"frankie|""leblanc""|""1996-02-20"""
"kayden|""oliver""|""1996-01-09"""
"jessica|""barton""|""1998-09-02"""
"kendra|""hewitt""|""1996-12-09"""
"holden|""reyes""|""1994-12-09"""
"kenny|""beasley""|""1996-01-06"""
"amari|""alford""|""1997-04-19"""
"dustin|""contreras""|""1994-05-31"""
"angeline|""gillespie""|""1993-11-18"""
"donovan|""hart""|""1998-12-17"""
"june|""knapp""|""1994-06-21"""
"chelsea|""rogers""|""1996-04-01"""
"ross|""hensley""|""1997-11-26"""
"devon|""mejia""|""1994-03-10"""
"adrianna|""barnes""|""1997-11-28"""
"lana|""pena""|""1994-01-01"""
"frank|""blackwell""|""1993-04-20"""
"seth|""melton""|""1993-12-12"""
"enrique|""mckenzie""|""1993-03-31"""
"adam|""estrada""|""1993-12-25"""
"rocco|""russo""|""1992-10-27"""
"nora|""aguilar""|""1993-01-08"""
"kody|""whitfield""|""1997-12-16"""
"ryan|""ross""|""1993-08-11"""
"gracie|""atkins""|""1992-10-09"""
"bo|""pollard""|""1997-09-08"""
"dalton|""franklin""|""1995-09-14"""
"dallas|""pierce""|""1998-01-17"""
"gideon|""walter""|""1997-09-18"""
"jaidyn|""brewer""|""1992-11-18"""
"braiden|""mcintyre""|""1996-08-07"""
"deangelo|""phillips""|""1998-05-22"""
"chana|""sutton""|""1993-12-04"""
"sarah|""mcneil""|""1993-05-04"""
"charleigh|""walker""|""1993-09-01"""
"alena|""sandoval""|""1996-06-25"""
"brayan|""wilder""|""1994-01-31"""
"brenna|""cole""|""1994-07-28"""
"keenan|""norris""|""1992-01-15"""
"gustavo|""hanson""|""1992-10-08"""
"clarissa|""soto""|""1994-01-27"""
"lauryn|""hawkins""|""1992-05-03"""
"ramiro|""buchanan""|""1993-03-05"""
"fatima|""hewitt""|""1998-06-14"""
"deegan|""chen""|""1993-03-10"""
"brandon|""wise""|""1997-11-20"""
"karlee|""lopez""|""1995-06-07"""
"alice|""dixon""|""1995-11-13"""
"kaiden|""mullins""|""1996-07-26"""
"darien|""sweeney""|""1996-03-10"""
"audrina|""baxter""|""1994-03-01"""
"genesis|""hernandez""|""1998-11-23"""
"monica|""miles""|""1992-10-27"""
"randall|""knight""|""1992-01-14"""
"ty|""holden""|""1996-10-14"""
"drew|""kaufman""|""1996-11-11"""
"braxton|""potts""|""1996-06-01"""
"titus|""small""|""1995-06-07"""
"leighton|""cline""|""1997-05-24"""
"jadyn|""bentley""|""1995-04-12"""
"reagan|""mcmillan""|""1998-06-14"""
"lila|""holmes""|""1995-05-02"""
"conor|""deleon""|""1992-10-26"""
"erica|""moon""|""1995-06-25"""
"eileen|""newman""|""1998-10-18"""
"aryan|""owen""|""1997-11-21"""
"cameron|""mcintyre""|""1995-10-08"""
"brice|""mack""|""1997-11-07"""
"trystan|""daugherty""|""1997-02-25"""
"jeffery|""dean""|""1997-06-29"""
"rogelio|""barnett""|""1992-09-21"""
"august|""conley""|""1998-08-22"""
"maliah|""austin""|""1995-07-01"""
"josiah|""mays""|""1996-01-14"""
"nicole|""griffin""|""1992-04-19"""
"fernanda|""vance""|""1992-01-09"""
"channing|""faulkner""|""1994-11-08"""
"lizbeth|""mccray""|""1996-12-26"""
"halle|""cobb""|""1994-08-17"""
"princeton|""church""|""1996-09-23"""
"ernesto|""sykes""|""1994-11-11"""
"allison|""marshall""|""1994-12-07"""
"julien|""cabrera""|""1997-01-28"""
"kyra|""callahan""|""1993-04-06"""
"ruben|""callahan""|""1998-11-08"""
"kaia|""shaw""|""1993-07-19"""
"alayna|""cardenas""|""1998-02-09"""
"issac|""hall""|""1994-02-28"""
"brynn|""humphrey""|""1992-08-19"""
"zane|""cohen""|""1992-07-13"""
"sidney|""willis""|""1993-11-25"""
"danna|""holt""|""1997-09-05"""
"desiree|""miranda""|""1992-11-16"""
"agustin|""barber""|""1992-06-05"""
"maxim|""holt""|""1996-03-27"""
"rowen|""pugh""|""1995-05-09"""
"hugh|""hunter""|""1993-07-19"""
"ty|""drake""|""1998-10-07"""
"kayson|""roy""|""1998-02-19"""
"orion|""parrish""|""1998-02-03"""
"ahmed|""merrill""|""1998-01-24"""
"hope|""perez""|""1996-07-06"""
"kaeden|""cotton""|""1994-02-07"""
"skylar|""daugherty""|""1995-04-25"""
"robert|""hill""|""1996-08-05"""
"julianna|""farmer""|""1995-02-03"""
"bianca|""gregory""|""1992-03-14"""
"sasha|""prince""|""1996-12-31"""
"maritza|""larson""|""1992-06-15"""
"braylen|""hines""|""1994-09-18"""
"arielle|""burgess""|""1995-07-13"""
"braylin|""alston""|""1997-12-25"""
"graysen|""wiley""|""1995-11-21"""
"whitney|""hogan""|""1996-04-21"""
"evie|""howe""|""1993-02-04"""
"tripp|""levine""|""1995-12-16"""
"sharon|""byrd""|""1992-07-12"""
"charlotte|""dennis""|""1992-07-22"""
"makhi|""fernandez""|""1996-01-03"""
"malachi|""thompson""|""1992-05-30"""
"corey|""nixon""|""1996-05-06"""
"kristina|""sosa""|""1995-07-20"""
"kairi|""edwards""|""1994-10-05"""
"sterling|""brown""|""1996-04-27"""
"rayan|""schmidt""|""1993-03-26"""
"bryanna|""barnes""|""1996-04-25"""
"tamia|""reilly""|""1996-11-19"""
"alexandra|""patton""|""1995-04-20"""
"laurel|""weeks""|""1992-10-14"""
"brenna|""hyde""|""1998-08-28"""
"nina|""everett""|""1994-12-10"""
"melissa|""kelley""|""1998-03-13"""
"mikayla|""brooks""|""1992-12-27"""
"blaise|""underwood""|""1993-01-20"""
"michaela|""johnston""|""1996-08-07"""
"lacey|""terry""|""1998-06-21"""
"brenna|""perry""|""1992-05-17"""
"taliyah|""schneider""|""1992-03-20"""
"maverick|""mercado""|""1997-08-25"""
"kayden|""houston""|""1993-03-24"""
"daniella|""washington""|""1996-10-29"""
"adriel|""salinas""|""1996-02-21"""
"odin|""kerr""|""1996-09-05"""
"scarlett|""kidd""|""1992-10-21"""
"brysen|""steele""|""1997-11-01"""
"celeste|""shepard""|""1994-10-26"""
"dillon|""olsen""|""1996-05-10"""
"deanna|""harrison""|""1997-07-27"""
"kimberly|""saunders""|""1998-05-18"""
"delaney|""small""|""1996-05-17"""
"ivan|""holt""|""1995-07-08"""
"lauryn|""juarez""|""1995-09-08"""
"keegan|""rogers""|""1993-12-11"""
"caydence|""page""|""1992-08-19"""
"cindy|""cash""|""1994-01-04"""
"mckenna|""harrington""|""1993-04-12"""
"taraji|""rhodes""|""1997-12-11"""
"lindsay|""cochran""|""1996-04-25"""
"cruz|""hinton""|""1998-04-18"""
"alayah|""pennington""|""1993-11-13"""
"lena|""mclean""|""1994-07-11"""
"calvin|""solis""|""1997-12-11"""
"sylvia|""black""|""1994-02-15"""
"alvin|""dodson""|""1993-05-27"""
"jaiden|""frederick""|""1997-02-13"""
"miah|""allison""|""1996-02-17"""
"leona|""lane""|""1996-03-28"""
"mauricio|""cohen""|""1997-08-31"""
"anika|""dalton""|""1996-09-28"""
"derek|""newton""|""1994-04-06"""
"cody|""calderon""|""1994-01-19"""
"larissa|""ewing""|""1996-10-14"""
"rowan|""harding""|""1993-03-21"""
"cristopher|""hoover""|""1992-01-23"""
"camille|""frazier""|""1997-05-11"""
"zaria|""hall""|""1995-01-14"""
"liv|""gardner""|""1996-08-08"""
"matthew|""ferguson""|""1995-11-21"""
"matthias|""reynolds""|""1996-05-11"""
"giovanni|""wade""|""1993-07-11"""
"kason|""frank""|""1996-02-13"""
"emilie|""gardner""|""1994-02-24"""
"ralph|""burton""|""1993-04-13"""
"ean|""cooke""|""1997-04-17"""
"mohammad|""tillman""|""1998-10-21"""
"jerome|""tran""|""1993-09-21"""
"lillie|""owen""|""1992-08-05"""
"lorelai|""lynn""|""1995-10-05"""
"ashley|""figueroa""|""1995-02-11"""
"annabelle|""hickman""|""1998-09-22"""
"julien|""gross""|""1993-06-08"""
"jada|""mccray""|""1992-09-23"""
"steven|""harding""|""1997-10-20"""
"julien|""kidd""|""1993-07-13"""
"analia|""black""|""1992-10-22"""
"marcos|""morse""|""1997-03-19"""
"elvis|""parrish""|""1998-10-25"""
"bryant|""hahn""|""1998-05-07"""
"mekhi|""reid""|""1998-06-17"""
"ulises|""kennedy""|""1996-05-02"""
"dorothy|""dillon""|""1998-10-24"""
"luka|""welch""|""1998-02-18"""
"yareli|""duran""|""1994-08-14"""
"amaya|""mercado""|""1992-12-21"""
"calvin|""holmes""|""1996-07-13"""
"braydon|""dunlap""|""1998-03-07"""
"delilah|""chen""|""1993-04-09"""
"rodolfo|""singleton""|""1998-02-17"""
"alisson|""talley""|""1997-07-13"""
"reese|""hoover""|""1997-05-19"""
"elin|""guerra""|""1997-06-01"""
"abbey|""wheeler""|""1994-04-20"""
"devon|""holt""|""1996-01-21"""
"luca|""hopkins""|""1992-04-13"""
"gustavo|""hooper""|""1992-04-06"""
"dawson|""patterson""|""1997-10-03"""
"kade|""kirk""|""1996-09-21"""
"giovanny|""torres""|""1994-05-15"""
"xander|""hansen""|""1997-11-02"""
"paulina|""hansen""|""1997-05-24"""
"luciana|""vaughan""|""1997-07-01"""
"stephen|""holman""|""1994-08-05"""
"salvatore|""farmer""|""1994-04-04"""
"quinten|""spencer""|""1997-01-16"""
"ayden|""boyle""|""1992-04-26"""
"curtis|""hughes""|""1997-01-09"""
"jaida|""bradshaw""|""1996-05-31"""
"ashlynn|""franco""|""1992-03-04"""
"mauricio|""blake""|""1995-05-04"""
"haylee|""hart""|""1998-03-07"""
"solomon|""mullins""|""1997-02-06"""
"peyton|""snow""|""1997-01-08"""
"kayden|""baird""|""1996-11-18"""
"ainsley|""hendrix""|""1995-02-14"""
"bryanna|""barrett""|""1993-07-02"""
"zayne|""marquez""|""1992-06-28"""
"katherine|""wagner""|""1993-08-04"""
"anders|""oneill""|""1995-03-07"""
"amanda|""steele""|""1997-04-27"""
"hailey|""steele""|""1995-06-17"""
"jairo|""jefferson""|""1994-01-26"""
"regan|""wolfe""|""1995-04-19"""
"alexis|""lynch""|""1995-01-06"""
"danny|""valdez""|""1995-02-23"""
"amara|""thomas""|""1993-03-20"""
"emilio|""guzman""|""1994-06-13"""
"alexia|""miller""|""1996-10-08"""
"corinne|""callahan""|""1998-07-30"""
"eve|""stokes""|""1996-10-25"""
"kellan|""watson""|""1992-01-25"""
"franco|""dorsey""|""1998-04-19"""
"nicole|""stewart""|""1996-08-14"""
"brock|""boyer""|""1995-10-06"""
"conner|""burks""|""1995-11-19"""
"colten|""rollins""|""1993-07-11"""
"london|""mccarthy""|""1998-01-14"""
"elias|""ewing""|""1994-08-12"""
"kara|""petersen""|""1993-02-24"""
"carla|""vega""|""1995-03-11"""
"keyon|""mayer""|""1997-02-20"""
"angelina|""hamilton""|""1997-06-23"""
"amalia|""gallegos""|""1997-05-21"""
"meadow|""mccoy""|""1993-12-08"""
"barrett|""mills""|""1996-03-06"""
"pierce|""hester""|""1992-05-18"""
"shane|""cherry""|""1993-01-24"""
"grady|""soto""|""1995-05-09"""
"phillip|""murray""|""1996-03-09"""
"grant|""hebert""|""1996-04-01"""
"lucia|""clarke""|""1993-01-24"""
"cale|""carey""|""1996-12-02"""
"haylie|""shepherd""|""1997-02-03"""
"julian|""cunningham""|""1996-09-07"""
"demi|""boone""|""1996-04-15"""
"eleanor|""larsen""|""1994-03-30"""
"janet|""knapp""|""1995-01-09"""
"dominick|""mercer""|""1996-05-16"""
"jayden|""aguilar""|""1998-09-27"""
"matthew|""rosario""|""1998-12-08"""
"lilia|""meadows""|""1996-05-22"""
"cade|""bowen""|""1993-03-31"""
"kyndall|""booth""|""1995-04-29"""
"terrence|""cook""|""1993-03-16"""
"trevon|""charles""|""1995-04-06"""
"ellis|""stark""|""1995-02-10"""
"warren|""wolfe""|""1992-05-27"""
"josie|""talley""|""1997-06-20"""
"blaise|""white""|""1992-08-04"""
"maleah|""haney""|""1992-04-26"""
"bentley|""walter""|""1995-08-01"""
"jakayla|""swanson""|""1992-11-24"""
"lola|""perez""|""1995-04-08"""
"corban|""sherman""|""1994-05-18"""
"ruth|""odonnell""|""1995-08-04"""
"london|""stark""|""1997-06-27"""
"joey|""wood""|""1995-03-08"""
"jaron|""kirby""|""1995-01-03"""
"maurice|""ferrell""|""1997-03-09"""
"pearl|""robles""|""1998-01-28"""
"harvey|""love""|""1995-10-13"""
"fabian|""calderon""|""1996-08-11"""
"danna|""weaver""|""1993-11-20"""
"jasmine|""juarez""|""1996-11-26"""
"mattie|""mullins""|""1994-01-10"""
"jayden|""burton""|""1994-07-01"""
"leonardo|""knight""|""1998-11-19"""
"soren|""riley""|""1998-04-01"""
"maxwell|""holloway""|""1998-10-28"""
"esmeralda|""rose""|""1997-01-28"""
"wendy|""hickman""|""1998-10-10"""
"james|""avery""|""1996-09-25"""
"madilyn|""chavez""|""1994-07-21"""
"aiyana|""blankenship""|""1992-12-07"""
"johan|""kelly""|""1996-12-09"""
"rachel|""griffith""|""1996-07-17"""
"bowen|""harrington""|""1996-12-28"""
"sidney|""edwards""|""1992-05-30"""
"hendrix|""hughes""|""1993-12-20"""
"aviana|""reeves""|""1995-05-02"""
"jaydon|""hartman""|""1998-02-28"""
"lennon|""cline""|""1992-12-22"""
"kyndall|""powers""|""1997-08-25"""
"darwin|""patterson""|""1993-10-04"""
"maya|""waller""|""1995-12-09"""
"maddison|""hernandez""|""1995-11-15"""
"taliyah|""rowland""|""1995-09-08"""
"danielle|""justice""|""1993-05-30"""
"ethan|""good""|""1994-08-16"""
"chanel|""wallace""|""1992-10-14"""
"adyson|""clayton""|""1998-01-25"""
"aryan|""mendez""|""1994-09-02"""
"anna|""flynn""|""1995-09-08"""
"raelyn|""garza""|""1993-09-14"""
"desmond|""gamble""|""1997-07-20"""
"kason|""watts""|""1993-11-08"""
"elliana|""ferguson""|""1996-01-04"""
"otto|""higgins""|""1992-08-23"""
"thalia|""gonzalez""|""1993-06-02"""
"maia|""vaughan""|""1993-01-11"""
"melina|""justice""|""1995-03-01"""
"eden|""herrera""|""1996-12-30"""
"april|""massey""|""1998-09-09"""
"laila|""hatfield""|""1996-04-13"""
"hudson|""skinner""|""1992-06-23"""
"riley|""blankenship""|""1993-08-16"""
"rodolfo|""hernandez""|""1997-02-06"""
"kason|""morris""|""1998-04-09"""
"lilian|""parsons""|""1996-04-22"""
"davon|""valencia""|""1994-04-17"""
"edith|""dyer""|""1993-11-16"""
"kaelyn|""harding""|""1995-03-26"""
"lewis|""frye""|""1995-05-24"""
"anika|""dickerson""|""1998-03-28"""
"jeffery|""alston""|""1996-09-19"""
"jordan|""lott""|""1994-09-26"""
"janelle|""beasley""|""1994-09-10"""
"carlee|""howe""|""1992-07-29"""
"drew|""foley""|""1997-07-17"""
"javion|""sampson""|""1993-11-15"""
"gaige|""wilkinson""|""1993-06-04"""
"skylar|""young""|""1997-05-14"""
"carlee|""davenport""|""1994-03-27"""
"renata|""kidd""|""1998-02-15"""
"silas|""terrell""|""1997-02-19"""
"melvin|""cannon""|""1995-10-25"""
"emery|""hunt""|""1998-07-06"""
"nathaly|""head""|""1992-11-28"""
"justus|""best""|""1997-10-29"""
"quentin|""camacho""|""1997-09-05"""
"elin|""wynn""|""1994-03-20"""
"samuel|""marks""|""1992-01-20"""
"sage|""case""|""1998-02-17"""
"julian|""warren""|""1996-12-15"""
"connor|""davenport""|""1997-05-07"""
"alfonso|""johns""|""1997-04-03"""
"nehemiah|""gallegos""|""1997-06-14"""
